<?xml version="1.0" encoding="UTF-8"?>
<!--/*
 *  This file is part of the Rade project (https://github.com/mgimpel/rade).
 *  Copyright (C) 2018 Marc Gimpel
 *
 *  This program is free software: you can redistribute it and/or modify
 *  it under the terms of the GNU General Public License as published by
 *  the Free Software Foundation, either version 3 of the License, or
 *  (at your option) any later version.
 *
 *  This program is distributed in the hope that it will be useful,
 *  but WITHOUT ANY WARRANTY; without even the implied warranty of
 *  MERCHANTABILITY or FITNESS FOR A PARTICULAR PURPOSE.  See the
 *  GNU General Public License for more details.
 *
 *  You should have received a copy of the GNU General Public License
 *  along with this program.  If not, see <https://www.gnu.org/licenses/>.
 */-->
<!-- $Id$ -->
<beans xmlns="http://www.springframework.org/schema/beans"
       xmlns:xsi="http://www.w3.org/2001/XMLSchema-instance"
       xmlns:p="http://www.springframework.org/schema/p"
       xmlns:util="http://www.springframework.org/schema/util"
       xmlns:context="http://www.springframework.org/schema/context"
       xmlns:jdbc="http://www.springframework.org/schema/jdbc"
       xmlns:tx="http://www.springframework.org/schema/tx"
       xmlns:jpa="http://www.springframework.org/schema/data/jpa"
       xmlns:sec="http://www.springframework.org/schema/security"
       xmlns:jaxws="http://cxf.apache.org/jaxws"
       xmlns:jaxrs="http://cxf.apache.org/jaxrs"
       xsi:schemaLocation="
         http://www.springframework.org/schema/beans
         http://www.springframework.org/schema/beans/spring-beans.xsd
         http://www.springframework.org/schema/util
         http://www.springframework.org/schema/util/spring-util.xsd
         http://www.springframework.org/schema/context
         http://www.springframework.org/schema/context/spring-context.xsd
         http://www.springframework.org/schema/jdbc
         http://www.springframework.org/schema/jdbc/spring-jdbc.xsd
         http://www.springframework.org/schema/tx
         http://www.springframework.org/schema/tx/spring-tx.xsd
         http://www.springframework.org/schema/data/jpa 
         http://www.springframework.org/schema/data/jpa/spring-jpa.xsd
         http://www.springframework.org/schema/security
         http://www.springframework.org/schema/security/spring-security.xsd
         http://cxf.apache.org/jaxws
         http://cxf.apache.org/schemas/jaxws.xsd
         http://cxf.apache.org/jaxrs
         http://cxf.apache.org/schemas/jaxrs.xsd">
  <!-- - - - - - - - - - - - - - - - - - - - - - - - - - - - - - - - - - - -->
  <!-- Persistence (Database & Hibernate) & Service Layers -->
  <!-- - - - - - - - - - - - - - - - - - - - - - - - - - - - - - - - - - - -->

  <!-- Configure the data source bean -->
  <!--<jdbc:embedded-database id="dataSource" type="DERBY">
    <jdbc:script location="classpath:db/sql/create-tables.sql" />
    <jdbc:script location="classpath:db/sql/insert-TypeEntiteAdmin.sql" />
    <jdbc:script location="classpath:db/sql/insert-TypeNomClair.sql" />
    <jdbc:script location="classpath:db/sql/insert-Audit.sql" />
    <jdbc:script location="classpath:db/sql/insert-CirconscriptionBassin.sql" />
    <jdbc:script location="classpath:db/sql/insert-Region.sql" />
    <jdbc:script location="classpath:db/sql/insert-Departement.sql" />
    <jdbc:script location="classpath:db/sql/insert-Commune.sql" />
    <jdbc:script location="classpath:db/sql/insert-Delegation.sql" />
    <jdbc:script location="classpath:db/sql/insert-Hexaposte.sql" />
  </jdbc:embedded-database>-->

  <bean id="dataSource" class="org.apache.commons.dbcp2.BasicDataSource" destroy-method="close"
        p:driverClassName="${db.driver}"
        p:url="${db.jdbcurl}"
        p:username="${db.username}"
        p:password="${db.password}"/>


  <!-- Create default configuration for Hibernate -->
  <bean id="jpaVendorAdapter" 
        class="org.springframework.orm.jpa.vendor.HibernateJpaVendorAdapter"/>

  <!-- Configure the entity manager factory bean -->
  <bean id="entityManagerFactory" class="org.springframework.orm.jpa.LocalContainerEntityManagerFactoryBean"
        p:dataSource-ref="dataSource"
        p:packagesToScan="fr.aesn.rade.persist.model"
        p:jpaVendorAdapter-ref="jpaVendorAdapter"/>

  <!-- Configure the transaction manager bean -->
  <bean id="transactionManager"
        class="org.springframework.orm.jpa.JpaTransactionManager"
        p:entityManagerFactory-ref="entityManagerFactory"/>

  <!-- Enable annotation driven transaction management -->
  <tx:annotation-driven/>

  <!-- Configure Spring Data JPA -->
  <jpa:repositories base-package="fr.aesn.rade.persist.dao"/>
  
  <!-- Service Layer -->
  <context:component-scan base-package="fr.aesn.rade.service"/>

  <!-- - - - - - - - - - - - - - - - - - - - - - - - - - - - - - - - - - - -->
  <!-- CXF Web Services -->
  <!-- - - - - - - - - - - - - - - - - - - - - - - - - - - - - - - - - - - -->

  <import resource="classpath:META-INF/cxf/cxf.xml"/>
  <import resource="classpath:META-INF/cxf/cxf-servlet.xml"/>

  <bean name="geoAdminService"
        class="fr.aesn.rade.ws.aramis.impl.GeoAdminServiceExternePortImpl"
        p:communePlusService-ref="communePlusServiceImpl"
        p:delegationService-ref="delegationServiceImpl"
        p:departementService-ref="departementServiceImpl"/>
  <jaxws:endpoint id="GeoAdminService"
                  implementor="#geoAdminService"
                  address="/GeoAdminService"/>

  <bean name="hexaposteWebService"
        class="fr.aesn.rade.ws.impl.HexaposteWebServiceImpl"
        p:hexaposteService-ref="hexaposteServiceImpl"/>
  <jaxws:endpoint id="HexaposteWebService"
                  implementor="#hexaposteWebService"
                  address="/HexaposteWebService"/>

  <bean id="restService"
        class="fr.aesn.rade.rs.impl.RestServiceImpl"
        p:delegationService-ref="delegationServiceImpl"
        p:communeService-ref="communeServiceImpl"
        p:departementService-ref="departementServiceImpl"
        p:regionService-ref="regionServiceImpl"
        p:bassinService-ref="bassinServiceImpl"/>
  

    <bean class="org.springframework.web.servlet.view.XmlViewResolver">
        <property name="location">
                <value>/WEB-INF/views-excel.xml</value>
        </property>
    </bean>
  
  <jaxrs:server id="RestService"
                address="/rest">
    <jaxrs:serviceBeans>
      <ref bean="restService"/>
    </jaxrs:serviceBeans>
    <jaxrs:providers>
      <bean class="com.fasterxml.jackson.jaxrs.json.JacksonJsonProvider"/>
    </jaxrs:providers>
  </jaxrs:server>

  <!-- - - - - - - - - - - - - - - - - - - - - - - - - - - - - - - - - - - -->
  <!-- Spring Security -->
  <!-- - - - - - - - - - - - - - - - - - - - - - - - - - - - - - - - - - - -->

  <!-- Local Authentication Provider with 2 accounts (user & admin) and password 123456 -->
  <bean id="bCryptPasswordEncoder"
        class="org.springframework.security.crypto.bcrypt.BCryptPasswordEncoder" />
  <bean id="inMemoryUserDetailsManager"
        class="org.springframework.security.provisioning.InMemoryUserDetailsManager">
    <constructor-arg>
      <props>
        <prop key="user">$2a$10$xMgsC4BauBhN4qT1e3elLOSFouNrUfW66Rkgav7ADZb4u3Qpyx4Z6,RAD_CONSULT</prop>
        <prop key="admin">$2a$10$7FuXLYrkQcnO7PtTD/WUiutW8NO2Bs2SeZ0e8IFsB01BDitC0wnWi,RAD_ADMIN</prop>
      </props>
    </constructor-arg>
  </bean>
  <bean id="authenticationProvider"
        class="org.springframework.security.authentication.dao.DaoAuthenticationProvider"
        p:passwordEncoder-ref="bCryptPasswordEncoder"
        p:userDetailsService-ref="inMemoryUserDetailsManager"/>

  <!-- AESN Habilitations Authentication Provider -->
<!--
  <bean id="habilitationsServiceFactory"
        class="fr.aesn.rade.habilitations.HabilitationsServiceFactory"
        p:habilitationsWsdlUrl="${habilitations.url}"/>
  <bean id="habilitationsService"
        factory-bean="habilitationsServiceFactory"
        factory-method="getHabilitationsService"/>
  <bean id="authenticationProvider"
        class="fr.aesn.rade.habilitations.HabilitationsAuthenticationProvider"
        p:habilitationsService-ref="habilitationsService"/>
  <bean id="habilitationsHealthIndicator"
        class="fr.aesn.rade.habilitations.HabilitationsHealthIndicator"
        p:factory-ref="habilitationsServiceFactory"/>
-->

  <!-- - - - - - - - - - - - - - - - - - - - - - - - - - - - - - - - - - - -->
  <!-- Spring MVC -->
  <!-- - - - - - - - - - - - - - - - - - - - - - - - - - - - - - - - - - - -->

  <bean id="applicationName" class="java.lang.String">
    <constructor-arg value="${app.name}"/>
  </bean>

  <util:map id="headerMenu">
    <entry key="Tiers" value="http://tiers.aesn.fr/"/>
    <entry key="Sitouref" value="http://sitouref.aesn.fr/"/>
    <entry key="Aides" value="http://aides.aesn.fr/"/>
    <entry key="Dequado" value="http://dequado.aesn.fr/"/>
  </util:map>

  <util:map id="footerMenu">
    <entry key="Contact" value="http://www.eau-seine-normandie.fr/nous_contacter"/>
    <entry key="Glossaire" value="http://www.eau-seine-normandie.fr/glossaire"/>
    <entry key="A propos de" value="http://www.eau-seine-normandie.fr/agence-de-leau/presentation-et-competences"/>
    <entry key="FAQ" value="faq.jsp"/>
  </util:map>

</beans>
