<?xml version="1.0" encoding="UTF-8"?>
<!--/*
 *  This file is part of the Rade project (https://github.com/mgimpel/rade).
 *  Copyright (C) 2018 Marc Gimpel
 *
 *  This program is free software: you can redistribute it and/or modify
 *  it under the terms of the GNU General Public License as published by
 *  the Free Software Foundation, either version 3 of the License, or
 *  (at your option) any later version.
 *
 *  This program is distributed in the hope that it will be useful,
 *  but WITHOUT ANY WARRANTY; without even the implied warranty of
 *  MERCHANTABILITY or FITNESS FOR A PARTICULAR PURPOSE.  See the
 *  GNU General Public License for more details.
 *
 *  You should have received a copy of the GNU General Public License
 *  along with this program.  If not, see <https://www.gnu.org/licenses/>.
 */-->
<!-- $Id$ -->
<!DOCTYPE configuration>
<configuration>
	<property name="LOG_PATH" value="logs" />

	<appender name="CONSOLE" class="ch.qos.logback.core.ConsoleAppender">
		<encoder>
			<Pattern>
				[%-5level] %d{yyyy-MM-dd HH:mm:ss.SSS} [%thread] %logger{36} - %msg%n
			</Pattern>
		</encoder>
	</appender>

	<appender name="FILE"
		class="ch.qos.logback.core.rolling.RollingFileAppender">
		<file>${LOG_PATH}/rade.log</file>
		<encoder>
			<Pattern>
				[%-5level] %d{yyyy-MM-dd HH:mm:ss.SSS} [%thread] %logger{36} - %msg%n
			</Pattern>
		</encoder>
		<rollingPolicy class="ch.qos.logback.core.rolling.SizeAndTimeBasedRollingPolicy">
			<fileNamePattern>${LOG_PATH}/rade.%d{yyyy-MM-dd}.%i.log.gz</fileNamePattern>
			<maxFileSize>100MB</maxFileSize>
			<maxHistory>60</maxHistory>
			<totalSizeCap>10GB</totalSizeCap>
		</rollingPolicy>
	</appender>

	<logger name="fr.aesn.rade" level="info" additivity="false">
		<appender-ref ref="FILE" />
	</logger>

	<root level="info">
		<appender-ref ref="CONSOLE" />
	</root>
</configuration>
