<?xml version="1.0" encoding="ISO-8859-1"?>
<!--/*
 *  This file is part of the Rade project (https://github.com/mgimpel/rade).
 *  Copyright (C) 2018 Marc Gimpel
 *
 *  This program is free software: you can redistribute it and/or modify
 *  it under the terms of the GNU General Public License as published by
 *  the Free Software Foundation, either version 3 of the License, or
 *  (at your option) any later version.
 *
 *  This program is distributed in the hope that it will be useful,
 *  but WITHOUT ANY WARRANTY; without even the implied warranty of
 *  MERCHANTABILITY or FITNESS FOR A PARTICULAR PURPOSE.  See the
 *  GNU General Public License for more details.
 *
 *  You should have received a copy of the GNU General Public License
 *  along with this program.  If not, see <https://www.gnu.org/licenses/>.
 */-->
<!-- $Id$ --><project name="Rade"
         xmlns="http://maven.apache.org/DECORATION/1.0.0"
         xmlns:xsi="http://www.w3.org/2001/XMLSchema-instance"
         xsi:schemaLocation="http://maven.apache.org/DECORATION/1.0.0 http://maven.apache.org/xsd/decoration-1.0.0.xsd">
  <bannerLeft>
    <name>rade-ws-aramis</name>
    <src>images/Rade.png</src>
    <alt>Rade</alt>
    <href>http://ulo-colab/Projects/rade</href>
  </bannerLeft>
  <publishDate position="right"/>
  <version position="right"/>
  <poweredBy>
    <logo name="Maven" href="http://maven.apache.org/"
          img="http://maven.apache.org/images/logos/maven-feather.png"/>
  </poweredBy>
  <body>
    <menu name="rade-ws-aramis">
      <item name="Introduction" href="index.html"/>
    </menu>
    <menu ref="reports"/>
  </body>
</project>
